{
  "dispositivo": "cuda",
  "roc_auc": 0.8130621265126023,
  "pr_auc": 0.7355967265749485,
  "f1": 0.6728591323541004,
  "balanced_accuracy": 0.7438834968702385,
  "precision": 0.6546760750626374,
  "recall": 0.6920810810810811,
  "matriz_confusao": {
    "tn": 105204,
    "fp": 27014,
    "fn": 22786,
    "tp": 51214
  },
  "limiar": 0.4851,
  "loss_treino": [
    0.7559422012262021,
    0.7000956273304946,
    0.6945983845296748,
    0.6914497692358935,
    0.6888617352107329,
    0.6872843350870401,
    0.6855941006560003,
    0.6845217592314137,
    0.6833357661910121,
    0.6825351807666686,
    0.6812198801748329,
    0.6802867954786084,
    0.6797768219206919,
    0.6791244815165526,
    0.6787443164580359,
    0.6777044928771765,
    0.677727444545747,
    0.677205839408076,
    0.676821772907003,
    0.6767317805075814
  ],
  "loss_val": [
    0.6958528161048889,
    0.688572108745575,
    0.684890627861023,
    0.6822951436042786,
    0.6803494691848755,
    0.6792094111442566,
    0.6773068904876709,
    0.6763498783111572,
    0.6753257513046265,
    0.6742445826530457,
    0.673271656036377,
    0.6726510524749756,
    0.6722274422645569,
    0.6718547344207764,
    0.6714073419570923,
    0.6713225245475769,
    0.6707560420036316,
    0.6706450581550598,
    0.6704961061477661,
    0.6700615286827087
  ],
  "_proveniencia": {
    "seed": 42,
    "git_sha": "ec78a93",
    "timestamp_utc": "2026-07-10T16:39:22+00:00",
    "versoes": {
      "numpy": "2.3.5",
      "scikit-learn": "1.9.0",
      "torch": "2.11.0",
      "pandas": "3.0.3"
    }
  }
}