{
  "roc_auc": 0.8138712833187451,
  "dispositivo": "mps",
  "loss_treino": [
    0.7451379952140589,
    0.6981073467524265,
    0.6923913085835112,
    0.6890803898949003,
    0.6869438919656349,
    0.6850562508494958,
    0.6839371785420163,
    0.6822299617560638,
    0.6815401338703718,
    0.680440271342665,
    0.6801018358646955,
    0.679062549819069,
    0.6782744247409828,
    0.67758455976452,
    0.6779227407204605,
    0.6770107546449755,
    0.6768229187820377,
    0.6764768635830528,
    0.6761806478409261,
    0.676297499634722
  ],
  "loss_val": [
    0.6949185132980347,
    0.6876104474067688,
    0.6841641068458557,
    0.681157648563385,
    0.679761528968811,
    0.677975594997406,
    0.6770823001861572,
    0.6766979694366455,
    0.6750164031982422,
    0.6746996641159058,
    0.6735738515853882,
    0.6732885241508484,
    0.6726391911506653,
    0.6721448302268982,
    0.6719682216644287,
    0.6717268228530884,
    0.6713953018188477,
    0.6712595820426941,
    0.6709411144256592,
    0.6707859039306641
  ]
}
