{
  "n_treino": 824870,
  "n_teste": 206218,
  "prevalencia_y1": 0.3588432801080024,
  "melhor": "hist_gradient_boosting",
  "modelos": {
    "regressao_logistica": {
      "roc_auc": 0.7909442759970942,
      "pr_auc": 0.6976374640574262,
      "f1": 0.6540171103570234,
      "balanced_accuracy": 0.7307047212772682,
      "precision": 0.6609624487655429,
      "recall": 0.6472162162162162,
      "matriz_confusao": {
        "tn": 107651,
        "fp": 24567,
        "fn": 26106,
        "tp": 47894
      },
      "cv_roc_auc_media": 0.7911644029780007,
      "cv_roc_auc_desvio": 0.0022887215787443247,
      "cv_n": 150000,
      "segundos": 9.6
    },
    "arvore_decisao": {
      "roc_auc": 0.7822223409291698,
      "pr_auc": 0.6882754792057516,
      "f1": 0.6571522874691464,
      "balanced_accuracy": 0.7353866890798284,
      "precision": 0.7005415493819606,
      "recall": 0.6188243243243243,
      "matriz_confusao": {
        "tn": 112643,
        "fp": 19575,
        "fn": 28207,
        "tp": 45793
      },
      "cv_roc_auc_media": 0.769033771836072,
      "cv_roc_auc_desvio": 0.0015691395507818943,
      "cv_n": 150000,
      "segundos": 12.5
    },
    "random_forest": {
      "roc_auc": 0.81299026423601,
      "pr_auc": 0.734529123141339,
      "f1": 0.6680570925910162,
      "balanced_accuracy": 0.742977340657301,
      "precision": 0.7031539334567828,
      "recall": 0.6362972972972973,
      "matriz_confusao": {
        "tn": 112340,
        "fp": 19878,
        "fn": 26914,
        "tp": 47086
      },
      "cv_roc_auc_media": 0.8078498463304923,
      "cv_roc_auc_desvio": 0.001733250278443284,
      "cv_n": 150000,
      "segundos": 34.6
    },
    "hist_gradient_boosting": {
      "roc_auc": 0.8131636784438313,
      "pr_auc": 0.7359747197438016,
      "f1": 0.6720744877953472,
      "balanced_accuracy": 0.7441676576930891,
      "precision": 0.6701465865882005,
      "recall": 0.6740135135135135,
      "matriz_confusao": {
        "tn": 107668,
        "fp": 24550,
        "fn": 24123,
        "tp": 49877
      },
      "cv_roc_auc_media": 0.8097077439626899,
      "cv_roc_auc_desvio": 0.0020466055458870144,
      "cv_n": 150000,
      "segundos": 22.7
    }
  }
}
